Clicks;City
10;SaintPetersburg
34;SaintPetersburg
32;SaintPetersburg
4;SaintPetersburg
3;Novosibirsk
2;SaintPetersburg
4;Moscow
3;Moscow
2;Novosibirsk
7;Moscow
7;SaintPetersburg
7;SaintPetersburg
2;SaintPetersburg
13;SaintPetersburg
1;Moscow
1;Moscow
2;SaintPetersburg
4;SaintPetersburg
18;Novosibirsk
16;SaintPetersburg
2;SaintPetersburg
48;Novosibirsk
2;Moscow
3;SaintPetersburg
1;Novosibirsk
1;Novosibirsk
2;Moscow
2;SaintPetersburg
2;Moscow
5;SaintPetersburg
12;SaintPetersburg
23;SaintPetersburg
5;SaintPetersburg
1;SaintPetersburg
1;Moscow
2;Novosibirsk
6;SaintPetersburg
1;SaintPetersburg
2;Moscow
3;Moscow
66;Moscow
2;Moscow
3;SaintPetersburg
2;Moscow
3;SaintPetersburg
1;SaintPetersburg
1;Moscow
2;Moscow
30;Moscow
1;SaintPetersburg
11;Moscow
4;SaintPetersburg
3;SaintPetersburg
2;Moscow
2;SaintPetersburg
1;Moscow
1;SaintPetersburg
1;SaintPetersburg
5;SaintPetersburg
7;Moscow
8;SaintPetersburg
2;Moscow
1;SaintPetersburg
1;SaintPetersburg
2;Moscow
2;Moscow
1;SaintPetersburg
45;SaintPetersburg
19;Moscow
11;SaintPetersburg
22;Novosibirsk
3;SaintPetersburg
3;SaintPetersburg
1;Moscow
1;Moscow
1;SaintPetersburg
64;Novosibirsk
26;SaintPetersburg
7;Novosibirsk
1;Moscow
1;Novosibirsk
2;Moscow
1;SaintPetersburg
55;SaintPetersburg
18;Novosibirsk
15;Novosibirsk
12;SaintPetersburg
4;Novosibirsk
1;Moscow
3;Moscow
2;Moscow
2;Moscow
3;Moscow
231;Novosibirsk
8;Moscow
8;SaintPetersburg
8;SaintPetersburg
10;SaintPetersburg
10;SaintPetersburg
2;Novosibirsk
2;Moscow
1;SaintPetersburg
3;Moscow
7;Novosibirsk
1;Novosibirsk
2;Moscow
1;Moscow
1;Moscow
1;Moscow
1;SaintPetersburg
22;SaintPetersburg
15;Moscow
6;Moscow
2;SaintPetersburg
1;SaintPetersburg
2;Novosibirsk
4;Moscow
6;Moscow
3;Novosibirsk
13;SaintPetersburg
1;Moscow
11;SaintPetersburg
2;SaintPetersburg
1;Novosibirsk
8;Novosibirsk
15;Moscow
7;Novosibirsk
15;Moscow
2;SaintPetersburg
1;Moscow
2;SaintPetersburg
8;SaintPetersburg
8;Moscow
3;Novosibirsk
7;Moscow
2;SaintPetersburg
1;Novosibirsk
2;SaintPetersburg
9;SaintPetersburg
24;Novosibirsk
2;Moscow
2;SaintPetersburg
1;SaintPetersburg
7;Moscow
2;Moscow
3;Moscow
2;Moscow
1;SaintPetersburg
2;Moscow
2;Moscow
2;SaintPetersburg
29;SaintPetersburg
18;Moscow
1;SaintPetersburg
3;Moscow
9;Moscow
7;Moscow
13;Novosibirsk
10;Moscow
8;Moscow
1;Moscow
8;Moscow
25;Moscow
4;SaintPetersburg
3;SaintPetersburg
1;SaintPetersburg
2;SaintPetersburg
7;SaintPetersburg
8;Moscow
1;Moscow
2;Moscow
8;Moscow
35;Moscow
13;SaintPetersburg
2;Moscow
1;SaintPetersburg
3;Novosibirsk
1;Moscow
1;SaintPetersburg
1;SaintPetersburg
1;Novosibirsk
6;SaintPetersburg
5;Novosibirsk
7;SaintPetersburg
20;Novosibirsk
6;Moscow
1;SaintPetersburg
1;SaintPetersburg
102;Novosibirsk
16;Moscow
4;Moscow
2;SaintPetersburg
2;Novosibirsk
9;SaintPetersburg
1;Moscow
2;Moscow
1;Moscow
3;Moscow
6;SaintPetersburg
2;Moscow
2;SaintPetersburg
2;SaintPetersburg
1;Moscow
2;SaintPetersburg
14;SaintPetersburg
5;SaintPetersburg
56;Novosibirsk
9;Moscow
9;Novosibirsk
4;Moscow
6;SaintPetersburg
1;Moscow
1;Moscow
1;Moscow
3;Novosibirsk
2;Moscow
7;Moscow
13;Moscow
4;Moscow
5;Novosibirsk
16;SaintPetersburg
1;Moscow
1;SaintPetersburg
5;Moscow
5;Moscow
1;Moscow
2;Moscow
123;Novosibirsk
25;Moscow
15;Novosibirsk
9;SaintPetersburg
9;Moscow
15;SaintPetersburg
3;SaintPetersburg
1;Moscow
1;Moscow
1;Novosibirsk
1;Moscow
1;SaintPetersburg
62;Novosibirsk
6;Novosibirsk
1;SaintPetersburg
6;Moscow
8;Moscow
1;Moscow
1;Moscow
6;SaintPetersburg
1;Moscow
2;Novosibirsk
3;SaintPetersburg
3;SaintPetersburg
6;Moscow
33;SaintPetersburg
34;Moscow
2;SaintPetersburg
1;SaintPetersburg
1;Moscow
1;Moscow
1;SaintPetersburg
3;Novosibirsk
2;SaintPetersburg
1;Moscow
17;Novosibirsk
2;SaintPetersburg
9;SaintPetersburg
1;Moscow
2;SaintPetersburg
5;SaintPetersburg
2;SaintPetersburg
1;Moscow
10;SaintPetersburg
2;SaintPetersburg
5;Moscow
5;SaintPetersburg
5;SaintPetersburg
5;SaintPetersburg
1;Moscow
1;SaintPetersburg
4;Novosibirsk
24;Moscow
4;Moscow
2;Moscow
7;Moscow
8;Moscow
1;SaintPetersburg
3;SaintPetersburg
6;Moscow
18;Moscow
7;SaintPetersburg
4;Moscow
12;Moscow
50;SaintPetersburg
5;SaintPetersburg
5;SaintPetersburg
5;Novosibirsk
1;Moscow
1;Moscow
1;Novosibirsk
1;SaintPetersburg
12;Moscow
1;SaintPetersburg
11;SaintPetersburg
1;SaintPetersburg
2;SaintPetersburg
1;Moscow
3;SaintPetersburg
56;Novosibirsk
1;SaintPetersburg
4;Moscow
26;Novosibirsk
2;Moscow
13;Moscow
7;SaintPetersburg
6;SaintPetersburg
2;Moscow
30;SaintPetersburg
2;Moscow
3;SaintPetersburg
2;Novosibirsk
1;Moscow
1;SaintPetersburg
1;Moscow
1;SaintPetersburg
2;SaintPetersburg
32;Novosibirsk
3;SaintPetersburg
3;SaintPetersburg
1;Moscow
1;SaintPetersburg
5;Moscow
27;Moscow
19;Moscow
52;Novosibirsk
2;SaintPetersburg
1;Novosibirsk
4;SaintPetersburg
1;SaintPetersburg
29;SaintPetersburg
13;Moscow
7;SaintPetersburg
2;Moscow
11;Novosibirsk
4;Novosibirsk
2;Novosibirsk
1;SaintPetersburg
2;Moscow
2;Moscow
29;Novosibirsk
3;SaintPetersburg
13;Moscow
3;SaintPetersburg
7;SaintPetersburg
1;Moscow
1;Novosibirsk
1;Moscow
1;SaintPetersburg
20;SaintPetersburg
9;SaintPetersburg
22;SaintPetersburg
11;Novosibirsk
1;SaintPetersburg
9;Moscow
12;SaintPetersburg
17;SaintPetersburg
1;SaintPetersburg
1;Novosibirsk
8;SaintPetersburg
6;SaintPetersburg
1;SaintPetersburg
1;Moscow
18;SaintPetersburg
5;SaintPetersburg
1;SaintPetersburg
4;Moscow
1;Novosibirsk
3;Moscow
1;SaintPetersburg
1;SaintPetersburg
2;Moscow
1;SaintPetersburg
12;Moscow
6;Moscow
4;SaintPetersburg
22;Novosibirsk
1;Moscow
1;Novosibirsk
6;SaintPetersburg
8;SaintPetersburg
3;Moscow
7;SaintPetersburg
2;SaintPetersburg
1;SaintPetersburg
2;Moscow
5;SaintPetersburg
35;SaintPetersburg
27;SaintPetersburg
4;SaintPetersburg
6;Moscow
2;SaintPetersburg
3;Novosibirsk
11;Moscow
3;Moscow
2;Novosibirsk
2;Moscow
13;Moscow
6;Moscow
7;Moscow
3;Moscow
1;SaintPetersburg
4;Moscow
4;Novosibirsk
1;Moscow
2;Moscow
1;Novosibirsk
2;Moscow
2;SaintPetersburg
1;SaintPetersburg
2;Moscow
8;SaintPetersburg
8;Moscow
8;Novosibirsk
1;SaintPetersburg
2;SaintPetersburg
3;Moscow
3;Moscow
35;SaintPetersburg
367;Novosibirsk
2;SaintPetersburg
17;Moscow
2;Moscow
3;Novosibirsk
1;Moscow
2;SaintPetersburg
2;Novosibirsk
35;SaintPetersburg
1;SaintPetersburg
22;Moscow
12;SaintPetersburg
6;SaintPetersburg
2;Moscow
21;Moscow
5;SaintPetersburg
3;SaintPetersburg
25;Moscow
2;SaintPetersburg
16;Moscow
7;SaintPetersburg
3;Novosibirsk
1;SaintPetersburg
1;Moscow
1;Moscow
1;Moscow
22;Moscow
4;Moscow
4;SaintPetersburg
4;Moscow
1;SaintPetersburg
3;Moscow
3;SaintPetersburg
2;Moscow
1;Moscow
3;SaintPetersburg
1;Moscow
5;Moscow
102;Novosibirsk
4;Moscow
6;Moscow
22;Novosibirsk
11;SaintPetersburg
1;SaintPetersburg
1;Moscow
2;SaintPetersburg
15;SaintPetersburg
19;Moscow
3;Moscow
1;Moscow
1;Moscow
3;Moscow
1;Moscow
41;SaintPetersburg
2;SaintPetersburg
11;SaintPetersburg
17;Moscow
2;SaintPetersburg
5;SaintPetersburg
2;Moscow
1;SaintPetersburg
1;SaintPetersburg
117;SaintPetersburg
14;SaintPetersburg
89;Novosibirsk
3;Moscow
7;SaintPetersburg
39;Moscow
1;Moscow
1;Moscow
19;Moscow
15;Novosibirsk
1;Moscow
1;SaintPetersburg
1;SaintPetersburg
1;SaintPetersburg
2;Moscow
1;Moscow
1;SaintPetersburg
2;SaintPetersburg
2;Moscow
1;Moscow
1;SaintPetersburg
258;Novosibirsk
3;Moscow
2;SaintPetersburg
4;Moscow
1;Moscow
2;SaintPetersburg
1;Novosibirsk
1;Moscow
21;SaintPetersburg
99;Novosibirsk
4;SaintPetersburg
4;SaintPetersburg
3;SaintPetersburg
4;SaintPetersburg
2;Novosibirsk
3;Moscow
1;Novosibirsk
1;Novosibirsk
1;Moscow
1;SaintPetersburg
19;Moscow
18;Moscow
25;Novosibirsk
1;Moscow
1;SaintPetersburg
2;Moscow
2;Moscow
1;SaintPetersburg
2;Moscow
17;SaintPetersburg
1;Moscow
1;SaintPetersburg
12;SaintPetersburg
2;Novosibirsk
1;Moscow
5;SaintPetersburg
11;Moscow
3;Moscow
2;SaintPetersburg
2;SaintPetersburg
8;Moscow
6;SaintPetersburg
1;Novosibirsk
1;Moscow
1;Moscow
2;Moscow
1;Moscow
1;SaintPetersburg
12;SaintPetersburg
2;Moscow
2;SaintPetersburg
8;SaintPetersburg
1;SaintPetersburg
7;Moscow
2;SaintPetersburg
3;Moscow
4;Moscow
2;Novosibirsk
2;Moscow
1;SaintPetersburg
27;SaintPetersburg
4;Moscow
1;SaintPetersburg
1;Novosibirsk
1;Moscow
10;SaintPetersburg
17;SaintPetersburg
21;Moscow
6;Moscow
38;Novosibirsk
2;SaintPetersburg
8;Moscow
1;Moscow
3;Moscow
2;SaintPetersburg
3;Moscow
2;Novosibirsk
4;SaintPetersburg
1;SaintPetersburg
1;SaintPetersburg
2;Moscow
11;SaintPetersburg
10;Moscow
5;Novosibirsk
4;SaintPetersburg
2;Moscow
3;SaintPetersburg
2;Moscow
1;SaintPetersburg
8;SaintPetersburg
12;Novosibirsk
6;SaintPetersburg
5;SaintPetersburg
3;Moscow
1;SaintPetersburg
12;SaintPetersburg
2;Moscow
6;SaintPetersburg
2;SaintPetersburg
1;SaintPetersburg
1;Moscow
4;SaintPetersburg
1;SaintPetersburg
5;Moscow
1;SaintPetersburg
1;Moscow
14;SaintPetersburg
20;SaintPetersburg
7;SaintPetersburg
3;Moscow
1;Moscow
7;SaintPetersburg
1;SaintPetersburg
10;SaintPetersburg
2;SaintPetersburg
40;Moscow
44;Moscow
13;SaintPetersburg
3;SaintPetersburg
3;Moscow
2;SaintPetersburg
3;Moscow
4;SaintPetersburg
4;Moscow
1;SaintPetersburg
3;Moscow
1;Moscow
22;Novosibirsk
8;Moscow
2;Moscow
1;SaintPetersburg
5;Moscow
1;Moscow
1;SaintPetersburg
1;Moscow
2;Moscow
253;Novosibirsk
173;Novosibirsk
3;Moscow
6;Novosibirsk
1;Novosibirsk
3;SaintPetersburg
10;SaintPetersburg
18;Moscow
4;Moscow
1;Moscow
3;Moscow
1;Moscow
3;SaintPetersburg
16;Moscow
12;SaintPetersburg
24;SaintPetersburg
6;SaintPetersburg
1;SaintPetersburg
2;Moscow
1;Moscow
51;Novosibirsk
2;SaintPetersburg
6;Moscow
10;Moscow
4;Moscow
12;SaintPetersburg
1;Moscow
1;SaintPetersburg
2;Moscow
21;Moscow
16;SaintPetersburg
44;SaintPetersburg
18;Novosibirsk
13;Moscow
15;SaintPetersburg
1;SaintPetersburg
24;Moscow
23;SaintPetersburg
5;Moscow
1;Moscow
1;Moscow
1;Novosibirsk
1;SaintPetersburg
1;Moscow
2;Moscow
1;Novosibirsk
25;SaintPetersburg
9;Novosibirsk
1;SaintPetersburg
16;SaintPetersburg
1;SaintPetersburg
1;SaintPetersburg
1;Novosibirsk
1;Moscow
5;Moscow
11;SaintPetersburg
1;Moscow
2;SaintPetersburg
31;SaintPetersburg
1;Moscow
5;Novosibirsk
4;SaintPetersburg
3;Moscow
1;Moscow
1;Moscow
1;SaintPetersburg
29;SaintPetersburg
2;Novosibirsk
17;SaintPetersburg
6;SaintPetersburg
1;Novosibirsk
1;Moscow
2;Moscow
2;Moscow
2;SaintPetersburg
1;Moscow
20;SaintPetersburg
11;SaintPetersburg
11;SaintPetersburg
34;Novosibirsk
17;Novosibirsk
4;SaintPetersburg
3;Moscow
12;Moscow
32;SaintPetersburg
3;Moscow
10;SaintPetersburg
2;Moscow
10;SaintPetersburg
1;Moscow
1;SaintPetersburg
9;Moscow
11;SaintPetersburg
15;Novosibirsk
2;SaintPetersburg
9;Novosibirsk
8;SaintPetersburg
4;SaintPetersburg
2;SaintPetersburg
1;SaintPetersburg
1;SaintPetersburg
1;Novosibirsk
2;SaintPetersburg
1;SaintPetersburg
1;Moscow
1;SaintPetersburg
1;Moscow
1;Moscow
3;SaintPetersburg
1;Novosibirsk
5;SaintPetersburg
12;Moscow
2;Moscow
19;SaintPetersburg
27;SaintPetersburg
4;Moscow
5;SaintPetersburg
1;Moscow
16;SaintPetersburg
1;SaintPetersburg
2;Novosibirsk
1;Moscow
8;Moscow
3;SaintPetersburg
2;SaintPetersburg
4;SaintPetersburg
9;Moscow
1;Moscow
87;Novosibirsk
22;Moscow
2;SaintPetersburg
8;Moscow
23;Novosibirsk
14;SaintPetersburg
4;SaintPetersburg
10;SaintPetersburg
1;SaintPetersburg
1;Moscow
16;SaintPetersburg
314;Novosibirsk
53;Moscow
9;Moscow
4;Novosibirsk
6;Moscow
1;Moscow
2;SaintPetersburg
2;Moscow
72;Novosibirsk
7;Moscow
7;Moscow
1;SaintPetersburg
1;SaintPetersburg
25;SaintPetersburg
21;SaintPetersburg
22;Novosibirsk
8;Moscow
1;Moscow
3;Moscow
43;SaintPetersburg
1;SaintPetersburg
10;Moscow
6;Novosibirsk
1;SaintPetersburg
5;Moscow
1;Moscow
1;Moscow
1;SaintPetersburg
2;Moscow
1;SaintPetersburg
3;SaintPetersburg
1;Novosibirsk
1;Moscow
296;Novosibirsk
5;SaintPetersburg
1;Moscow
4;Moscow
1;Moscow
3;Moscow
3;Moscow
7;SaintPetersburg
1;Moscow
2;Moscow
2;SaintPetersburg
105;Novosibirsk
58;SaintPetersburg
2;SaintPetersburg
18;Moscow
17;SaintPetersburg
1;Moscow
1;SaintPetersburg
2;Novosibirsk
12;Moscow
1;Moscow
1;Moscow
68;Novosibirsk
49;Novosibirsk
24;SaintPetersburg
19;Moscow
5;Novosibirsk
13;Moscow
4;Novosibirsk
1;SaintPetersburg
2;SaintPetersburg
16;Moscow
22;SaintPetersburg
24;Moscow
5;Moscow
20;Novosibirsk
29;Moscow
4;SaintPetersburg
9;Novosibirsk
2;SaintPetersburg
4;Moscow
3;Moscow
2;Novosibirsk
2;SaintPetersburg
4;SaintPetersburg
5;SaintPetersburg
5;SaintPetersburg
47;Moscow
5;Novosibirsk
7;Novosibirsk
9;Moscow
1;Moscow
2;SaintPetersburg
2;SaintPetersburg
1;SaintPetersburg
6;Moscow
12;Moscow
23;Moscow
24;Novosibirsk
2;SaintPetersburg
5;SaintPetersburg
2;Moscow
3;SaintPetersburg
2;SaintPetersburg
1;Moscow
3;Novosibirsk
2;Novosibirsk
1;SaintPetersburg
1;Moscow
5;SaintPetersburg
14;SaintPetersburg
5;Moscow
5;SaintPetersburg
2;SaintPetersburg
9;Moscow
1;Moscow
2;SaintPetersburg
2;Moscow
1;Novosibirsk
1;Moscow
4;Novosibirsk
31;Novosibirsk
11;Moscow
13;Novosibirsk
5;SaintPetersburg
1;Moscow
5;SaintPetersburg
1;Moscow
3;Moscow
2;Moscow
1;Moscow
1;Moscow
1;SaintPetersburg
2;Moscow
51;Moscow
22;Moscow
14;Moscow
2;Novosibirsk
1;Moscow
6;Moscow
1;SaintPetersburg
3;Novosibirsk
8;Moscow
3;Moscow
5;SaintPetersburg
3;Moscow
2;Novosibirsk
2;SaintPetersburg
1;SaintPetersburg
1;SaintPetersburg
1;SaintPetersburg
2;SaintPetersburg
2;SaintPetersburg
1;Moscow
5;SaintPetersburg
6;SaintPetersburg
12;SaintPetersburg
2;Novosibirsk
3;SaintPetersburg
1;Moscow
2;SaintPetersburg
6;SaintPetersburg
1;SaintPetersburg
3;SaintPetersburg
1;Moscow
2;Moscow
1;Moscow
14;Moscow
56;SaintPetersburg
10;Moscow
13;Novosibirsk
31;SaintPetersburg
4;SaintPetersburg
7;Moscow
1;SaintPetersburg
2;SaintPetersburg
3;SaintPetersburg
13;Moscow
1;Moscow
1;SaintPetersburg
6;Moscow
8;SaintPetersburg
1;Moscow
1;SaintPetersburg
7;Moscow
1;SaintPetersburg
2;Moscow
1;Moscow
18;SaintPetersburg
13;Novosibirsk
13;SaintPetersburg
53;Novosibirsk
9;Moscow
1;Moscow
4;SaintPetersburg
3;Moscow
2;SaintPetersburg
25;SaintPetersburg
24;Moscow
4;Novosibirsk
1;Novosibirsk
1;Moscow
1;SaintPetersburg
14;SaintPetersburg
8;Moscow
2;Moscow
2;SaintPetersburg
1;SaintPetersburg
30;Moscow
5;SaintPetersburg
8;Moscow
12;Moscow
60;SaintPetersburg
5;Moscow
4;Moscow
7;SaintPetersburg
16;SaintPetersburg
39;SaintPetersburg
31;Moscow
10;SaintPetersburg
1;Moscow
8;SaintPetersburg
1;Moscow
1;Novosibirsk
3;SaintPetersburg
2;SaintPetersburg
1;Moscow
16;SaintPetersburg
2;SaintPetersburg
1;SaintPetersburg
2;SaintPetersburg
1;Novosibirsk
18;SaintPetersburg
15;Moscow
23;Moscow
3;SaintPetersburg
1;SaintPetersburg
29;SaintPetersburg
2;Moscow
114;Novosibirsk
1;Moscow
6;SaintPetersburg
1;Novosibirsk
9;Novosibirsk
7;Moscow
1;SaintPetersburg
3;SaintPetersburg
1;SaintPetersburg
2;Moscow
3;Moscow
2;Moscow
3;SaintPetersburg
1;SaintPetersburg
9;SaintPetersburg
15;SaintPetersburg
17;Novosibirsk
6;Moscow
2;SaintPetersburg
1;SaintPetersburg
3;SaintPetersburg
2;Novosibirsk
1;Moscow
1;Novosibirsk
4;SaintPetersburg
2;Moscow
13;Moscow
5;Moscow
1;Moscow
3;Moscow
11;SaintPetersburg
4;Moscow
3;SaintPetersburg
5;Moscow
1;Moscow
3;Moscow
2;Moscow
3;SaintPetersburg
1;Moscow
16;SaintPetersburg
14;Moscow
11;SaintPetersburg
7;SaintPetersburg
1;Moscow
16;Moscow
1;SaintPetersburg
1;Moscow
1;Moscow
9;Moscow
9;Moscow
1;Moscow
5;Novosibirsk
1;SaintPetersburg
3;SaintPetersburg
1;SaintPetersburg
1;SaintPetersburg
1;Moscow
1;Moscow
1;Moscow
2;Moscow
199;Novosibirsk
11;Moscow
14;Novosibirsk
1;SaintPetersburg
1;Moscow
1;SaintPetersburg
4;SaintPetersburg
20;Novosibirsk
1;Moscow
2;Moscow
1;Moscow
1;SaintPetersburg
23;Novosibirsk
1;Moscow
30;SaintPetersburg
10;SaintPetersburg
10;SaintPetersburg
2;Moscow
1;SaintPetersburg
3;Moscow
2;SaintPetersburg
2;Moscow
2;Moscow
68;SaintPetersburg
14;Moscow
1;SaintPetersburg
1;SaintPetersburg
1;Moscow
1;SaintPetersburg
1;SaintPetersburg
9;Moscow
12;Moscow
10;Moscow
3;SaintPetersburg
1;Moscow
1;Moscow
5;Novosibirsk
4;Moscow
2;SaintPetersburg
4;Novosibirsk
3;Moscow
1;SaintPetersburg
2;Moscow
7;SaintPetersburg
26;Moscow
3;Moscow
1;Moscow
5;Novosibirsk
1;SaintPetersburg
1;SaintPetersburg
5;Moscow
1;SaintPetersburg
3;SaintPetersburg
8;SaintPetersburg
2;Novosibirsk
6;Moscow
3;Moscow
1;SaintPetersburg
25;SaintPetersburg
21;Novosibirsk
1;SaintPetersburg
14;SaintPetersburg
3;Moscow
2;Moscow
1;SaintPetersburg
7;SaintPetersburg
1;Moscow
1;Moscow
10;Moscow
11;Moscow
4;SaintPetersburg
6;SaintPetersburg
1;SaintPetersburg
3;Moscow
2;SaintPetersburg
1;Moscow
1;Moscow
13;SaintPetersburg
2;Moscow
3;Moscow
3;Moscow
3;Moscow
2;Moscow
1;Novosibirsk
2;Moscow
6;Novosibirsk
3;Novosibirsk
12;Novosibirsk
2;SaintPetersburg
2;SaintPetersburg
6;SaintPetersburg
1;Moscow
1;SaintPetersburg
19;SaintPetersburg
10;SaintPetersburg
6;Moscow
4;SaintPetersburg
8;SaintPetersburg
14;SaintPetersburg
1;Moscow
13;SaintPetersburg
11;SaintPetersburg
3;SaintPetersburg
6;Moscow
3;Moscow
2;SaintPetersburg
1;Moscow
10;Moscow
106;Novosibirsk
27;Moscow
1;Novosibirsk
2;SaintPetersburg
1;Moscow
1;Moscow
1;SaintPetersburg
17;SaintPetersburg
6;Moscow
3;Moscow
3;SaintPetersburg
15;SaintPetersburg
4;Moscow
1;SaintPetersburg
3;Moscow
1;SaintPetersburg
1;Moscow
5;SaintPetersburg
5;SaintPetersburg
9;Moscow
2;SaintPetersburg
1;Moscow
11;Novosibirsk
13;SaintPetersburg
17;SaintPetersburg
3;SaintPetersburg
2;Moscow
5;SaintPetersburg
2;Novosibirsk
3;Novosibirsk
5;Moscow
3;Novosibirsk
1;SaintPetersburg
1;SaintPetersburg
2;Novosibirsk
2;Moscow
5;SaintPetersburg
18;SaintPetersburg
1;Moscow
1;Moscow
2;SaintPetersburg
1;Moscow
8;SaintPetersburg
1;SaintPetersburg
1;SaintPetersburg
1;SaintPetersburg
2;SaintPetersburg
9;Moscow
13;Moscow
10;Moscow
2;SaintPetersburg
1;Moscow
3;Novosibirsk
2;Novosibirsk
7;SaintPetersburg
1;SaintPetersburg
6;Moscow
9;Moscow
6;SaintPetersburg
2;Moscow
3;Moscow
2;Moscow
2;SaintPetersburg
2;Moscow
3;Moscow
2;SaintPetersburg
1;Moscow
2;SaintPetersburg
11;SaintPetersburg
10;Moscow
12;Moscow
3;Moscow
1;Moscow
10;SaintPetersburg
3;Moscow
1;Moscow
1;Novosibirsk
1;Moscow
2;Moscow
8;Moscow
128;Novosibirsk
11;SaintPetersburg
1;Moscow
2;Moscow
2;SaintPetersburg
1;Moscow
1;SaintPetersburg
2;SaintPetersburg
1;SaintPetersburg
25;SaintPetersburg
15;Moscow
1;Moscow
4;SaintPetersburg
1;Moscow
1;Moscow
2;Moscow
1;SaintPetersburg
2;SaintPetersburg
1;Moscow
4;Moscow
1;Moscow
1;Moscow
8;SaintPetersburg
4;Moscow
3;Novosibirsk
1;Moscow
7;Moscow
2;SaintPetersburg
6;Novosibirsk
12;SaintPetersburg
1;Moscow
3;Moscow
2;SaintPetersburg
4;SaintPetersburg
1;SaintPetersburg
5;SaintPetersburg
2;Moscow
1;SaintPetersburg
3;Moscow
5;Moscow
2;Moscow
1;Novosibirsk
1;Moscow
407;Novosibirsk
19;SaintPetersburg
10;SaintPetersburg
243;Novosibirsk
8;Novosibirsk
51;Moscow
3;SaintPetersburg
2;Novosibirsk
2;SaintPetersburg
1;SaintPetersburg
25;Moscow
1;Moscow
3;Novosibirsk
12;SaintPetersburg
2;Moscow
1;Moscow
1;Moscow
2;SaintPetersburg
5;Novosibirsk
1;SaintPetersburg
1;Moscow
1;Moscow
1;Moscow
6;Novosibirsk
2;Moscow
10;SaintPetersburg
1;Moscow
47;SaintPetersburg
34;SaintPetersburg
18;Novosibirsk
6;Moscow
1;Moscow
1;SaintPetersburg
2;Moscow
1;Moscow
1;Moscow
12;Moscow
7;Moscow
1;SaintPetersburg
4;Moscow
1;Moscow
28;Moscow
3;Moscow
6;Moscow
8;Moscow
4;SaintPetersburg
2;SaintPetersburg
1;Moscow
1;Moscow
2;SaintPetersburg
1;SaintPetersburg
5;Moscow
2;SaintPetersburg
4;Novosibirsk
2;Moscow
3;Moscow
1;Moscow
3;Moscow
2;Moscow
2;Moscow
3;SaintPetersburg
2;SaintPetersburg
2;Novosibirsk
7;Novosibirsk
13;SaintPetersburg
6;SaintPetersburg
2;SaintPetersburg
14;SaintPetersburg
5;Moscow
2;Novosibirsk
11;SaintPetersburg
1;SaintPetersburg
1;Moscow
5;Moscow
21;Novosibirsk
10;SaintPetersburg
49;Novosibirsk
10;Moscow
1;Moscow
8;SaintPetersburg
14;SaintPetersburg
3;Moscow
1;SaintPetersburg
14;SaintPetersburg
6;SaintPetersburg
7;Moscow
1;Moscow
4;SaintPetersburg
1;SaintPetersburg
7;Moscow
11;Moscow
13;SaintPetersburg
2;Novosibirsk
4;SaintPetersburg
2;SaintPetersburg
1;Moscow
1;Novosibirsk
8;SaintPetersburg
1;Moscow
119;Novosibirsk
1;SaintPetersburg
3;SaintPetersburg
13;SaintPetersburg
1;Novosibirsk
1;SaintPetersburg
1;Moscow
7;SaintPetersburg
1;Moscow
3;Moscow
12;Moscow
14;SaintPetersburg
6;SaintPetersburg
10;Moscow
4;Moscow
2;Moscow
3;Novosibirsk
2;Moscow
2;SaintPetersburg
15;SaintPetersburg
7;SaintPetersburg
28;Moscow
9;Moscow
4;SaintPetersburg
5;SaintPetersburg
3;SaintPetersburg
1;Moscow
1;Moscow
1;Moscow
1;Moscow
1;SaintPetersburg
21;SaintPetersburg
1;Moscow
15;SaintPetersburg
8;SaintPetersburg
8;SaintPetersburg
1;Moscow
1;SaintPetersburg
1;SaintPetersburg
15;Novosibirsk
2;Moscow
8;Moscow
17;Novosibirsk
20;SaintPetersburg
1;Moscow
2;SaintPetersburg
1;SaintPetersburg
10;Moscow
2;SaintPetersburg
14;Novosibirsk
2;Moscow
4;SaintPetersburg
1;Moscow
5;Moscow
2;SaintPetersburg
1;SaintPetersburg
44;SaintPetersburg
5;Moscow
1;SaintPetersburg
4;Moscow
1;SaintPetersburg
1;SaintPetersburg
1;SaintPetersburg
113;Novosibirsk
61;SaintPetersburg
4;Moscow
10;Moscow
4;SaintPetersburg
1;SaintPetersburg
3;Moscow
3;Moscow
2;SaintPetersburg
20;SaintPetersburg
6;SaintPetersburg
6;Moscow
29;Moscow
16;SaintPetersburg
1;Moscow
4;Moscow
1;SaintPetersburg
2;SaintPetersburg
13;SaintPetersburg
20;SaintPetersburg
355;Novosibirsk
123;Novosibirsk
62;SaintPetersburg
14;Novosibirsk
3;SaintPetersburg
9;Moscow
3;Moscow
16;SaintPetersburg
2;SaintPetersburg
1;SaintPetersburg
2;SaintPetersburg
18;Moscow
30;SaintPetersburg
12;Moscow
3;Moscow
3;Moscow
1;SaintPetersburg
1;Novosibirsk
3;SaintPetersburg
7;SaintPetersburg
1;Moscow
1;Moscow
1;Moscow
2;SaintPetersburg
23;SaintPetersburg
8;Moscow
9;SaintPetersburg
11;SaintPetersburg
1;Moscow
1;Novosibirsk
2;SaintPetersburg
1;Moscow
2;Moscow
1;Moscow
1;Moscow
1;SaintPetersburg
2;Moscow
3;SaintPetersburg
6;Moscow
3;Novosibirsk
1;SaintPetersburg
1;Moscow
1;SaintPetersburg
37;Moscow
34;Novosibirsk
25;SaintPetersburg
6;SaintPetersburg
1;Novosibirsk
1;Moscow
1;SaintPetersburg
1;SaintPetersburg
5;SaintPetersburg
2;SaintPetersburg
1;Moscow
1;Moscow
1;Moscow
1;SaintPetersburg
1;SaintPetersburg
6;SaintPetersburg
5;Moscow
15;Moscow
24;SaintPetersburg
9;Moscow
14;Moscow
2;Moscow
1;Moscow
1;Moscow
11;SaintPetersburg
2;SaintPetersburg
1;Novosibirsk
43;SaintPetersburg
223;Novosibirsk
2;Moscow
8;Moscow
1;SaintPetersburg
3;SaintPetersburg
1;Moscow
2;SaintPetersburg
12;Moscow
16;SaintPetersburg
3;Moscow
6;Moscow
1;SaintPetersburg
14;SaintPetersburg
1;Moscow
2;Moscow
3;Moscow
33;SaintPetersburg
3;SaintPetersburg
28;Moscow
1;Moscow
18;Moscow
5;Novosibirsk
6;Moscow
1;Moscow
2;Moscow
1;Moscow
3;Moscow
1;Moscow
2;Moscow
1;SaintPetersburg
1;SaintPetersburg
1;Moscow
1;SaintPetersburg
1;Moscow
2;Moscow
1;Novosibirsk
1;Moscow
13;Moscow
18;SaintPetersburg
7;Novosibirsk
1;Moscow
1;Moscow
2;Moscow
40;Novosibirsk
11;SaintPetersburg
7;SaintPetersburg
4;Moscow
9;Moscow
35;SaintPetersburg
2;SaintPetersburg
5;Moscow
2;SaintPetersburg
3;SaintPetersburg
27;Moscow
2;SaintPetersburg
2;SaintPetersburg
2;SaintPetersburg
2;Novosibirsk
1;Moscow
28;Novosibirsk
1;Novosibirsk
83;SaintPetersburg
6;Moscow
23;SaintPetersburg
2;SaintPetersburg
4;SaintPetersburg
6;Moscow
2;Moscow
1;SaintPetersburg
1;SaintPetersburg
7;SaintPetersburg
14;Moscow
3;Moscow
4;SaintPetersburg
8;SaintPetersburg
1;SaintPetersburg
2;SaintPetersburg
1;Moscow
3;SaintPetersburg
2;Novosibirsk
1;SaintPetersburg
11;Novosibirsk
5;Moscow
5;Moscow
3;Moscow
7;Novosibirsk
1;Moscow
2;Moscow
10;Novosibirsk
1;SaintPetersburg
1;Moscow
1;Moscow
6;SaintPetersburg
25;SaintPetersburg
6;SaintPetersburg
5;Moscow
9;SaintPetersburg
2;Novosibirsk
1;Moscow
59;Novosibirsk
8;Moscow
2;SaintPetersburg
15;Moscow
1;Novosibirsk
1;Moscow
6;Moscow
1;Moscow
12;Novosibirsk
10;Novosibirsk
1;SaintPetersburg
3;Moscow
5;Novosibirsk
1;Moscow
1;Moscow
12;SaintPetersburg
11;Novosibirsk
23;Novosibirsk
1;Novosibirsk
2;Moscow
1;SaintPetersburg
2;Moscow
1;Novosibirsk
2;SaintPetersburg
9;SaintPetersburg
5;SaintPetersburg
2;SaintPetersburg
5;Moscow
6;Moscow
1;Moscow
1;Moscow
2;Moscow
2;Moscow
69;Novosibirsk
2;Novosibirsk
2;SaintPetersburg
1;Moscow
1;Moscow
1;Moscow
2;SaintPetersburg
1;SaintPetersburg
3;SaintPetersburg
28;Novosibirsk
1;SaintPetersburg
24;Moscow
1;Moscow
12;SaintPetersburg
2;SaintPetersburg
5;Moscow
26;Novosibirsk
1;Moscow
15;Moscow
2;Moscow
3;Moscow
2;Moscow
2;Moscow
1;SaintPetersburg
3;Moscow
1;Novosibirsk
4;Moscow
12;SaintPetersburg
1;Moscow
1;SaintPetersburg
1;Novosibirsk
1;SaintPetersburg
1;Moscow
67;SaintPetersburg
2;Moscow
3;SaintPetersburg
37;Novosibirsk
14;Moscow
2;SaintPetersburg
1;SaintPetersburg
12;Moscow
7;SaintPetersburg
2;SaintPetersburg
52;SaintPetersburg
15;Moscow
1;Moscow
2;SaintPetersburg
1;Novosibirsk
4;Novosibirsk
3;Novosibirsk
1;SaintPetersburg
36;SaintPetersburg
3;Novosibirsk
1;Moscow
1;SaintPetersburg
2;Moscow
17;SaintPetersburg
1;Moscow
4;Moscow
1;Novosibirsk
2;SaintPetersburg
1;Moscow
258;Novosibirsk
2;Moscow
1;Moscow
8;SaintPetersburg
7;Moscow
12;SaintPetersburg
15;SaintPetersburg
8;Novosibirsk
16;SaintPetersburg
1;SaintPetersburg
1;Moscow
4;Moscow
1;Moscow
1;SaintPetersburg
3;Moscow
9;SaintPetersburg
6;SaintPetersburg
19;SaintPetersburg
1;Moscow
7;SaintPetersburg
1;Moscow
1;Moscow
1;SaintPetersburg
22;SaintPetersburg
19;SaintPetersburg
6;Novosibirsk
33;Moscow
4;SaintPetersburg
1;SaintPetersburg
1;SaintPetersburg
1;SaintPetersburg
2;Moscow
1;SaintPetersburg
1;SaintPetersburg
2;Novosibirsk
1;Moscow
5;Moscow
139;Novosibirsk
2;Moscow
1;Moscow
2;Moscow
18;SaintPetersburg
4;SaintPetersburg
2;SaintPetersburg
2;Moscow
1;Moscow
4;SaintPetersburg
1;Moscow
1;Moscow
1;Moscow
2;Moscow
5;SaintPetersburg
2;SaintPetersburg
1;SaintPetersburg
3;Moscow
1;Moscow
1;SaintPetersburg
15;SaintPetersburg
15;Moscow
10;SaintPetersburg
22;Moscow
7;Moscow
1;SaintPetersburg
3;SaintPetersburg
1;Moscow
13;SaintPetersburg
6;SaintPetersburg
5;SaintPetersburg
3;Moscow
2;SaintPetersburg
3;SaintPetersburg
4;SaintPetersburg
2;Moscow
2;SaintPetersburg
11;SaintPetersburg
23;Moscow
12;SaintPetersburg
17;SaintPetersburg
4;Moscow
1;SaintPetersburg
1;SaintPetersburg
27;SaintPetersburg
37;Novosibirsk
10;SaintPetersburg
2;SaintPetersburg
3;Moscow
1;Moscow
2;Novosibirsk
2;Moscow
2;Moscow
1;SaintPetersburg
24;Moscow
2;Moscow
2;Moscow
11;SaintPetersburg
1;SaintPetersburg
13;SaintPetersburg
1;Moscow
2;Moscow
11;Moscow
3;Novosibirsk
24;Moscow
3;SaintPetersburg
19;Moscow
1;Moscow
2;Moscow
1;SaintPetersburg
1;Novosibirsk
1;Moscow
45;SaintPetersburg
1;Moscow
18;SaintPetersburg
7;SaintPetersburg
3;SaintPetersburg
1;SaintPetersburg
3;Moscow
2;Novosibirsk
1;Moscow
5;SaintPetersburg
3;Moscow
1;SaintPetersburg
2;Moscow
1;SaintPetersburg
1;SaintPetersburg
30;Novosibirsk
1;SaintPetersburg
30;SaintPetersburg
18;SaintPetersburg
13;Novosibirsk
3;Moscow
3;SaintPetersburg
2;SaintPetersburg
3;SaintPetersburg
2;Moscow
1;Moscow
2;SaintPetersburg
3;Novosibirsk
1;SaintPetersburg
2;SaintPetersburg
3;SaintPetersburg
1;Novosibirsk
1;Moscow
1;Novosibirsk
4;Moscow
13;Moscow
1;Moscow
1;Moscow
1;Moscow
2;SaintPetersburg
5;SaintPetersburg
1;SaintPetersburg
1;SaintPetersburg
2;Moscow
9;SaintPetersburg
4;Moscow
2;Novosibirsk
1;Moscow
2;Moscow
1;Moscow
1;Novosibirsk
1;Moscow
1;Moscow
1;Moscow
23;SaintPetersburg
4;SaintPetersburg
1;SaintPetersburg
1;SaintPetersburg
6;SaintPetersburg
1;SaintPetersburg
1;Moscow
3;SaintPetersburg
1;SaintPetersburg
12;Moscow
4;Moscow
30;Moscow
11;Novosibirsk
6;Moscow
1;SaintPetersburg
2;SaintPetersburg
1;SaintPetersburg
2;Moscow
1;SaintPetersburg
5;Moscow
27;SaintPetersburg
5;SaintPetersburg
21;SaintPetersburg
4;Moscow
3;Moscow
3;Moscow
2;SaintPetersburg
10;Moscow
1;Novosibirsk
1;Moscow
13;SaintPetersburg
25;SaintPetersburg
1;Moscow
6;Novosibirsk
33;SaintPetersburg
6;SaintPetersburg
1;Moscow
2;Moscow
4;SaintPetersburg
2;Moscow
1;Novosibirsk
1;Moscow
2;SaintPetersburg
3;Moscow
10;SaintPetersburg
7;SaintPetersburg
13;SaintPetersburg
5;Moscow
4;Moscow
1;SaintPetersburg
3;SaintPetersburg
3;SaintPetersburg
1;Moscow
1;Moscow
1;Moscow
5;SaintPetersburg
189;Novosibirsk
4;Moscow
4;Novosibirsk
15;Moscow
6;Novosibirsk
3;SaintPetersburg
1;Moscow
1;Moscow
1;SaintPetersburg
2;Moscow
13;SaintPetersburg
9;SaintPetersburg
12;Moscow
3;SaintPetersburg
3;SaintPetersburg
1;Moscow
29;Novosibirsk
2;Moscow
3;Moscow
13;SaintPetersburg
2;Moscow
2;Moscow
1;Moscow
1;SaintPetersburg
1;Moscow
12;SaintPetersburg
14;SaintPetersburg
10;SaintPetersburg
13;Moscow
3;Novosibirsk
2;Moscow
5;SaintPetersburg
9;Moscow
29;Moscow
27;Moscow
9;Moscow
24;SaintPetersburg
2;Moscow
3;Moscow
4;Moscow
2;Novosibirsk
39;Novosibirsk
20;Moscow
1;Novosibirsk
2;Novosibirsk
3;Moscow
3;SaintPetersburg
2;Moscow
6;Novosibirsk
14;Moscow
1;SaintPetersburg
3;Moscow
9;Moscow
1;SaintPetersburg
8;SaintPetersburg
1;Novosibirsk
1;SaintPetersburg
2;Moscow
6;Moscow
1;SaintPetersburg
1;SaintPetersburg
8;SaintPetersburg
31;SaintPetersburg
6;Moscow
1;SaintPetersburg
2;SaintPetersburg
2;SaintPetersburg
3;SaintPetersburg
5;Moscow
3;SaintPetersburg
1;Novosibirsk
13;Moscow
8;SaintPetersburg
1;Novosibirsk
1;SaintPetersburg
12;Novosibirsk
2;Moscow
11;Novosibirsk
1;SaintPetersburg
1;Moscow
3;Moscow
1;Moscow
1;Moscow
1;Moscow
4;SaintPetersburg
6;Moscow
3;Moscow
14;Novosibirsk
1;SaintPetersburg
1;Moscow
3;Novosibirsk
1;Moscow
3;Novosibirsk
5;Moscow
94;Novosibirsk
10;SaintPetersburg
2;Novosibirsk
10;Moscow
5;Moscow
3;SaintPetersburg
7;SaintPetersburg
2;Moscow
4;Moscow
6;Moscow
1;Novosibirsk
4;Moscow
4;Moscow
1;Moscow
9;Moscow
1;Moscow
1;SaintPetersburg
5;SaintPetersburg
5;Moscow
2;Moscow
3;SaintPetersburg
1;SaintPetersburg
1;Moscow
2;Moscow
20;SaintPetersburg
2;Moscow
6;Moscow
1;Moscow
10;Moscow
2;SaintPetersburg
7;SaintPetersburg
1;Moscow
2;SaintPetersburg
20;Moscow
1;Moscow
9;SaintPetersburg
23;SaintPetersburg
1;Moscow
1;SaintPetersburg
2;Novosibirsk
1;SaintPetersburg
1;Moscow
14;Novosibirsk
7;Moscow
2;Moscow
15;SaintPetersburg
4;SaintPetersburg
6;SaintPetersburg
1;SaintPetersburg
2;Novosibirsk
17;SaintPetersburg
5;Moscow
4;Moscow
9;SaintPetersburg
1;Moscow
1;Moscow
2;SaintPetersburg
2;Moscow
10;Moscow
4;Moscow
7;Novosibirsk
1;SaintPetersburg
2;SaintPetersburg
3;Moscow
1;Moscow
1;SaintPetersburg
2;SaintPetersburg
1;Moscow
3;Moscow
11;SaintPetersburg
5;Moscow
5;SaintPetersburg
2;Novosibirsk
1;Moscow
1;SaintPetersburg
54;Novosibirsk
17;SaintPetersburg
18;Moscow
2;Moscow
4;SaintPetersburg
3;Moscow
2;Novosibirsk
1;Moscow
1;Moscow
2;Moscow
1;SaintPetersburg
1;Moscow
3;SaintPetersburg
1;Moscow
3;Moscow
3;SaintPetersburg
8;SaintPetersburg
2;SaintPetersburg
1;SaintPetersburg
1;Moscow
8;SaintPetersburg
1;SaintPetersburg
2;SaintPetersburg
27;SaintPetersburg
2;Moscow
5;Moscow
9;Moscow
2;Novosibirsk
1;Novosibirsk
1;Moscow
6;Novosibirsk
2;Moscow
1;Moscow
117;Novosibirsk
9;SaintPetersburg
1;SaintPetersburg
1;SaintPetersburg
1;Moscow
1;Moscow
12;Novosibirsk
2;SaintPetersburg
2;Moscow
6;Moscow
9;Moscow
6;SaintPetersburg
1;Moscow
1;Novosibirsk
2;SaintPetersburg
1;Moscow
284;Novosibirsk
12;Novosibirsk
17;Moscow
28;SaintPetersburg
2;Moscow
5;SaintPetersburg
1;SaintPetersburg
1;Moscow
1;SaintPetersburg
1;SaintPetersburg
2;Moscow
6;SaintPetersburg
2;SaintPetersburg
1;Moscow
1;SaintPetersburg
2;Moscow
3;SaintPetersburg
15;SaintPetersburg
12;Moscow
3;SaintPetersburg
5;SaintPetersburg
7;SaintPetersburg
2;SaintPetersburg
1;SaintPetersburg
1;Moscow
1;SaintPetersburg
5;Moscow
32;SaintPetersburg
12;SaintPetersburg
7;Moscow
1;Novosibirsk
1;Moscow
6;SaintPetersburg
1;Moscow
22;SaintPetersburg
16;SaintPetersburg
11;Novosibirsk
5;Moscow
2;Moscow
2;SaintPetersburg
2;Novosibirsk
6;Moscow
3;SaintPetersburg
1;SaintPetersburg
2;Moscow
22;SaintPetersburg
14;Moscow
21;Moscow
4;Novosibirsk
3;SaintPetersburg
1;Moscow
2;SaintPetersburg
1;SaintPetersburg
16;Moscow
13;SaintPetersburg
1;SaintPetersburg
8;Moscow
7;SaintPetersburg
25;Moscow
13;Moscow
6;Moscow
11;Moscow
4;SaintPetersburg
2;Moscow
15;Moscow
1;SaintPetersburg
1;Moscow
8;Moscow
1;SaintPetersburg
2;SaintPetersburg
2;Moscow
2;Moscow
2;SaintPetersburg
2;SaintPetersburg
16;SaintPetersburg
6;Moscow
4;Novosibirsk
16;SaintPetersburg
7;SaintPetersburg
17;Moscow
7;Moscow
1;Moscow
1;Moscow
2;Moscow
2;SaintPetersburg
2;SaintPetersburg
1;SaintPetersburg
2;SaintPetersburg
8;Moscow
4;SaintPetersburg
10;Moscow
5;SaintPetersburg
6;SaintPetersburg
1;Moscow
18;SaintPetersburg
1;Moscow
1;Moscow
52;Moscow
14;Moscow
17;SaintPetersburg
12;SaintPetersburg
8;Moscow
1;SaintPetersburg
4;Novosibirsk
1;Moscow
1;SaintPetersburg
1;SaintPetersburg
20;Moscow
61;Novosibirsk
3;Moscow
6;Moscow
1;SaintPetersburg
25;SaintPetersburg
1;Moscow
7;SaintPetersburg
1;SaintPetersburg
4;Moscow
2;Moscow
1;Moscow
7;SaintPetersburg
29;SaintPetersburg
27;SaintPetersburg
2;Novosibirsk
5;Moscow
2;Moscow
1;Moscow
20;SaintPetersburg
4;Moscow
2;Novosibirsk
8;Moscow
4;SaintPetersburg
1;SaintPetersburg
3;SaintPetersburg
4;SaintPetersburg
1;SaintPetersburg
10;Novosibirsk
3;Moscow
3;Moscow
4;SaintPetersburg
21;SaintPetersburg
4;Moscow
11;SaintPetersburg
1;Moscow
2;Moscow
3;Moscow
3;Moscow
5;Moscow
42;SaintPetersburg
2;SaintPetersburg
5;SaintPetersburg
4;Novosibirsk
24;SaintPetersburg
12;SaintPetersburg
8;Novosibirsk
7;SaintPetersburg
29;Moscow
4;Moscow
2;SaintPetersburg
1;Novosibirsk
27;Novosibirsk
1;SaintPetersburg
1;Moscow
6;SaintPetersburg
2;Moscow
5;Moscow
3;SaintPetersburg
1;Moscow
1;SaintPetersburg
15;Moscow
134;Novosibirsk
9;Moscow
3;SaintPetersburg
11;SaintPetersburg
4;Moscow
2;SaintPetersburg
12;Moscow
1;Novosibirsk
2;Moscow
1;SaintPetersburg
1;Moscow
1;SaintPetersburg
1;Moscow
8;SaintPetersburg
7;Moscow
16;SaintPetersburg
26;SaintPetersburg
2;SaintPetersburg
17;Moscow
1;Moscow
2;Moscow
7;SaintPetersburg
1;Moscow
1;Moscow
1;Moscow
2;Moscow
3;Moscow
1;Novosibirsk
1;Moscow
1;SaintPetersburg
28;SaintPetersburg
14;SaintPetersburg
6;Moscow
7;Moscow
9;Moscow
1;Moscow
6;Moscow
1;Moscow
4;Moscow
1;Moscow
1;Moscow
1;SaintPetersburg
2;Moscow
1;Moscow
3;Novosibirsk
5;Moscow
16;SaintPetersburg
4;SaintPetersburg
1;Moscow
8;Moscow
1;Moscow
4;SaintPetersburg
48;Moscow
10;SaintPetersburg
2;Moscow
2;SaintPetersburg
1;Moscow
11;Moscow
17;Moscow
40;Novosibirsk
3;SaintPetersburg
12;SaintPetersburg
1;Moscow
7;Novosibirsk
1;Moscow
4;SaintPetersburg
2;Moscow
39;SaintPetersburg
2;Moscow
1;Moscow
2;Moscow
2;Moscow
1;Moscow
1;Moscow
22;SaintPetersburg
21;Moscow
30;SaintPetersburg
21;Moscow
7;Moscow
8;SaintPetersburg
6;Novosibirsk
5;Novosibirsk
1;SaintPetersburg
9;Novosibirsk
3;Novosibirsk
2;Moscow
4;SaintPetersburg
1;Moscow
1;Moscow
1;SaintPetersburg
1;SaintPetersburg
1;SaintPetersburg
6;SaintPetersburg
18;SaintPetersburg
1;Moscow
18;Moscow
8;SaintPetersburg
3;Moscow
5;Moscow
12;Moscow
1;Moscow
5;Moscow
3;Moscow
2;SaintPetersburg
1;Moscow
9;SaintPetersburg
1;Moscow
25;Moscow
2;Moscow
1;SaintPetersburg
3;Moscow
2;Moscow
7;Moscow
1;SaintPetersburg
5;Moscow
4;SaintPetersburg
9;SaintPetersburg
4;Novosibirsk
10;SaintPetersburg
3;Novosibirsk
4;SaintPetersburg
1;Novosibirsk
1;Moscow
1;SaintPetersburg
1;Moscow
8;SaintPetersburg
2;SaintPetersburg
32;Moscow
12;Moscow
4;Moscow
3;SaintPetersburg
2;Novosibirsk
9;SaintPetersburg
2;Moscow
20;Novosibirsk
5;SaintPetersburg
6;SaintPetersburg
5;SaintPetersburg
1;Moscow
1;SaintPetersburg
3;SaintPetersburg
16;Moscow
3;SaintPetersburg
2;Novosibirsk
3;Moscow
4;SaintPetersburg
17;Moscow
4;SaintPetersburg
1;Moscow
2;SaintPetersburg
16;SaintPetersburg
1;SaintPetersburg
1;Moscow
1;Moscow
5;Novosibirsk
8;Moscow
1;SaintPetersburg
3;Moscow
2;Moscow
1;Moscow
1;Moscow
10;Moscow
2;Novosibirsk
6;Novosibirsk
2;SaintPetersburg
1;Moscow
2;Moscow
3;SaintPetersburg
4;Moscow
2;Moscow
1;Moscow
2;Moscow
1;Moscow
49;Novosibirsk
2;Moscow
8;Moscow
1;SaintPetersburg
3;Moscow
5;SaintPetersburg
2;Novosibirsk
1;SaintPetersburg
1;SaintPetersburg
33;SaintPetersburg
20;SaintPetersburg
10;Moscow
12;SaintPetersburg
3;SaintPetersburg
1;Moscow
1;SaintPetersburg
2;SaintPetersburg
2;Moscow
3;Moscow
1;Moscow
1;Moscow
2;SaintPetersburg
1;SaintPetersburg
3;Moscow
2;SaintPetersburg
2;SaintPetersburg
5;Moscow
2;Moscow
6;SaintPetersburg
1;SaintPetersburg
2;Moscow
2;Moscow
3;Moscow
1;SaintPetersburg
7;Moscow
14;Novosibirsk
2;SaintPetersburg
2;SaintPetersburg
1;SaintPetersburg
16;SaintPetersburg
14;Moscow
10;SaintPetersburg
4;Moscow
2;Moscow
1;SaintPetersburg
1;Moscow
6;Moscow
2;SaintPetersburg
1;Moscow
8;SaintPetersburg
16;Moscow
4;Moscow
1;Moscow
2;SaintPetersburg
1;SaintPetersburg
10;SaintPetersburg
8;SaintPetersburg
2;SaintPetersburg
1;Novosibirsk
4;SaintPetersburg
17;SaintPetersburg
21;SaintPetersburg
17;Novosibirsk
2;SaintPetersburg
12;SaintPetersburg
7;SaintPetersburg
2;SaintPetersburg
2;SaintPetersburg
1;SaintPetersburg
1;Moscow
1;Moscow
2;Moscow
86;Novosibirsk
2;Moscow
19;SaintPetersburg
1;Moscow
1;SaintPetersburg
11;SaintPetersburg
11;SaintPetersburg
23;Moscow
1;Moscow
1;Moscow
2;Moscow
1;Moscow
2;SaintPetersburg
13;Moscow
14;SaintPetersburg
10;SaintPetersburg
7;Moscow
2;SaintPetersburg
1;SaintPetersburg
45;SaintPetersburg
39;Moscow
5;SaintPetersburg
2;Moscow
2;SaintPetersburg
2;Moscow
92;SaintPetersburg
11;SaintPetersburg
20;SaintPetersburg
14;Moscow
7;Moscow
1;Moscow
1;Novosibirsk
1;Novosibirsk
2;Moscow
11;Moscow
24;SaintPetersburg
39;Novosibirsk
5;Moscow
116;Novosibirsk
1;Moscow
7;Novosibirsk
18;SaintPetersburg
15;SaintPetersburg
3;Moscow
1;Moscow
2;Novosibirsk
3;SaintPetersburg
1;SaintPetersburg
1;SaintPetersburg
3;Moscow
14;SaintPetersburg
6;Novosibirsk
13;Moscow
5;SaintPetersburg
4;SaintPetersburg
1;SaintPetersburg
8;Moscow
4;Moscow
2;SaintPetersburg
2;SaintPetersburg
2;Moscow
8;SaintPetersburg
12;Moscow
1;SaintPetersburg
4;Novosibirsk
4;Moscow
1;Novosibirsk
1;Moscow
2;SaintPetersburg
1;Moscow
1;Moscow
21;SaintPetersburg
13;SaintPetersburg
6;SaintPetersburg
1;SaintPetersburg
7;Moscow
2;SaintPetersburg
3;SaintPetersburg
10;SaintPetersburg
1;Moscow
1;SaintPetersburg
13;SaintPetersburg
4;Moscow
4;Novosibirsk
10;SaintPetersburg
7;Moscow
3;SaintPetersburg
2;Moscow
2;Novosibirsk
2;Moscow
1;Moscow
10;Novosibirsk
4;Moscow
3;SaintPetersburg
8;Moscow
2;Novosibirsk
1;SaintPetersburg
4;Moscow
1;SaintPetersburg
1;Moscow
1;Novosibirsk
39;Novosibirsk
1;Moscow
14;SaintPetersburg
14;Moscow
7;Moscow
4;Moscow
2;SaintPetersburg
1;Moscow
7;Moscow
2;Moscow
1;Moscow
2;SaintPetersburg
35;SaintPetersburg
1;Moscow
7;SaintPetersburg
5;SaintPetersburg
4;Novosibirsk
4;Moscow
4;SaintPetersburg
10;Moscow
3;Novosibirsk
12;Moscow
10;Moscow
1;Moscow
15;SaintPetersburg
10;Moscow
23;Moscow
2;Moscow
2;Moscow
9;Moscow
7;SaintPetersburg
1;SaintPetersburg
100;Novosibirsk
13;Moscow
11;Moscow
18;SaintPetersburg
9;Moscow
5;Moscow
2;SaintPetersburg
1;SaintPetersburg
9;SaintPetersburg
2;Novosibirsk
3;SaintPetersburg
22;Novosibirsk
5;Moscow
6;Moscow
1;Novosibirsk
18;Moscow
64;SaintPetersburg
5;SaintPetersburg
22;Moscow
1;Moscow
3;Moscow
1;Moscow
3;SaintPetersburg
2;Moscow
1;Moscow
5;SaintPetersburg
1;Moscow
17;Moscow
20;Moscow
6;SaintPetersburg
1;Moscow
3;Moscow
12;Moscow
13;Moscow
1;SaintPetersburg
1;Novosibirsk
1;SaintPetersburg
2;SaintPetersburg
1;SaintPetersburg
1;Moscow
9;SaintPetersburg
6;SaintPetersburg
3;Moscow
1;Moscow
5;SaintPetersburg
1;Novosibirsk
1;Moscow
7;Novosibirsk
5;Moscow
6;SaintPetersburg
3;Moscow
1;Moscow
12;Moscow
1;SaintPetersburg
74;Novosibirsk
13;SaintPetersburg
1;Novosibirsk
2;Novosibirsk
3;SaintPetersburg
1;SaintPetersburg
3;Moscow
1;Moscow
17;Moscow
15;SaintPetersburg
18;Novosibirsk
92;Novosibirsk
2;Moscow
8;SaintPetersburg
1;SaintPetersburg
4;Novosibirsk
2;Moscow
1;Novosibirsk
11;SaintPetersburg
2;Moscow
10;SaintPetersburg
11;Moscow
6;Moscow
6;SaintPetersburg
2;SaintPetersburg
2;SaintPetersburg
1;SaintPetersburg
1;Moscow
1;Moscow
8;SaintPetersburg
7;SaintPetersburg
4;SaintPetersburg
2;Moscow
4;SaintPetersburg
2;Moscow
6;Moscow
1;Moscow
4;Moscow
1;Moscow
1;SaintPetersburg
12;Moscow
5;Moscow
5;Moscow
10;SaintPetersburg
2;Moscow
1;SaintPetersburg
2;Moscow
2;Moscow
1;Moscow
2;Moscow
1;Moscow
7;Moscow
7;Moscow
17;SaintPetersburg
7;Moscow
12;Novosibirsk
11;Novosibirsk
4;SaintPetersburg
1;SaintPetersburg
1;Moscow
1;SaintPetersburg
4;Novosibirsk
1;Moscow
2;SaintPetersburg
15;Moscow
1;SaintPetersburg
1;SaintPetersburg
4;Novosibirsk
2;SaintPetersburg
2;Moscow
1;SaintPetersburg
1;Moscow
84;Novosibirsk
10;SaintPetersburg
12;Moscow
2;Novosibirsk
11;Moscow
1;SaintPetersburg
4;Novosibirsk
3;Moscow
1;Moscow
1;SaintPetersburg
3;Moscow
1;Moscow
2;Moscow
32;SaintPetersburg
5;Moscow
52;Moscow
5;Novosibirsk
6;Moscow
2;SaintPetersburg
30;SaintPetersburg
2;Novosibirsk
2;Moscow
3;SaintPetersburg
5;SaintPetersburg
4;Novosibirsk
1;Moscow
27;Moscow
3;SaintPetersburg
7;Novosibirsk
8;SaintPetersburg
1;Moscow
2;Novosibirsk
5;SaintPetersburg
1;SaintPetersburg
2;Moscow
1;Novosibirsk
1;Moscow
1;Moscow
16;SaintPetersburg
13;SaintPetersburg
7;SaintPetersburg
9;SaintPetersburg
1;Moscow
2;SaintPetersburg
6;Moscow
2;Moscow
1;SaintPetersburg
3;Novosibirsk
12;SaintPetersburg
10;Novosibirsk
7;Moscow
13;Moscow
2;Moscow
6;SaintPetersburg
1;Moscow
1;Moscow
2;Moscow
3;SaintPetersburg
111;Novosibirsk
1;Novosibirsk
45;Moscow
18;Moscow
1;Moscow
1;Novosibirsk
9;Moscow
7;SaintPetersburg
4;Moscow
1;Moscow
2;Moscow
3;SaintPetersburg
2;Novosibirsk
3;Moscow
12;SaintPetersburg
1;Moscow
8;Moscow
12;SaintPetersburg
6;SaintPetersburg
3;Moscow
1;Moscow
2;SaintPetersburg
2;Moscow
11;Moscow
1;Moscow
14;SaintPetersburg
7;Moscow
1;SaintPetersburg
1;Moscow
2;Moscow
26;Moscow
2;Moscow
2;SaintPetersburg
1;Moscow
19;Novosibirsk
5;SaintPetersburg
3;Moscow
1;Moscow
1;Moscow
3;Moscow
1;Moscow
2;Novosibirsk
2;SaintPetersburg
12;SaintPetersburg
15;SaintPetersburg
5;Novosibirsk
20;SaintPetersburg
3;Moscow
10;Moscow
10;SaintPetersburg
11;Moscow
1;Moscow
10;SaintPetersburg
4;Moscow
2;SaintPetersburg
1;SaintPetersburg
2;SaintPetersburg
1;SaintPetersburg
1;Moscow
1;Moscow
6;Moscow
1;Moscow
13;SaintPetersburg
1;SaintPetersburg
1;Moscow
2;Moscow
1;Moscow
2;Moscow
11;Moscow
12;SaintPetersburg
5;SaintPetersburg
12;SaintPetersburg
1;Moscow
1;SaintPetersburg
7;Novosibirsk
1;SaintPetersburg
6;SaintPetersburg
2;SaintPetersburg
5;Moscow
1;Moscow
2;SaintPetersburg
1;Moscow
33;SaintPetersburg
19;Moscow
2;SaintPetersburg
5;SaintPetersburg
1;SaintPetersburg
1;SaintPetersburg
1;Moscow
2;Moscow
3;SaintPetersburg
1;Moscow
2;SaintPetersburg
39;Moscow
1;SaintPetersburg
7;Moscow
2;SaintPetersburg
4;Moscow
1;SaintPetersburg
12;SaintPetersburg
2;SaintPetersburg
24;SaintPetersburg
21;Moscow
3;Moscow
15;Moscow
1;Moscow
9;Moscow
5;SaintPetersburg
2;Moscow
1;SaintPetersburg
7;SaintPetersburg
2;Moscow
5;SaintPetersburg
1;Moscow
3;Novosibirsk
1;Moscow
1;Moscow
200;Novosibirsk
8;Novosibirsk
1;Moscow
8;Moscow
2;SaintPetersburg
5;Moscow
1;Novosibirsk
33;Novosibirsk
15;SaintPetersburg
1;Moscow
1;Moscow
1;SaintPetersburg
3;Moscow
327;SaintPetersburg
8;Novosibirsk
1;Moscow
3;Moscow
1;Moscow
11;Moscow
12;Moscow
2;SaintPetersburg
1;Moscow
1;Moscow
1;SaintPetersburg
1;SaintPetersburg
3;Novosibirsk
9;Moscow
2;SaintPetersburg
17;SaintPetersburg
10;SaintPetersburg
24;SaintPetersburg
2;SaintPetersburg
5;SaintPetersburg
2;SaintPetersburg
1;SaintPetersburg
2;Moscow
1;Moscow
5;SaintPetersburg
1;Moscow
5;SaintPetersburg
3;Moscow
1;Moscow
2;SaintPetersburg
1;Novosibirsk
8;Moscow
5;SaintPetersburg
7;SaintPetersburg
9;Moscow
1;Novosibirsk
9;SaintPetersburg
34;Moscow
12;SaintPetersburg
1;Moscow
11;Novosibirsk
2;Moscow
2;Novosibirsk
3;Novosibirsk
1;Moscow
1;Moscow
1;Moscow
8;Novosibirsk
14;Moscow
12;Novosibirsk
4;Moscow
2;Moscow
4;Moscow
14;SaintPetersburg
2;SaintPetersburg
2;Moscow
2;SaintPetersburg
12;Moscow
1;SaintPetersburg
46;Novosibirsk
7;Moscow
36;SaintPetersburg
2;SaintPetersburg
8;SaintPetersburg
1;SaintPetersburg
1;SaintPetersburg
1;SaintPetersburg
4;SaintPetersburg
34;Novosibirsk
5;Novosibirsk
3;Novosibirsk
1;Moscow
4;Moscow
1;Moscow
1;Moscow
2;Novosibirsk
32;SaintPetersburg
9;Moscow
4;Moscow
17;Novosibirsk
4;SaintPetersburg
1;SaintPetersburg
4;SaintPetersburg
3;Moscow
74;SaintPetersburg
4;SaintPetersburg
2;SaintPetersburg
3;Moscow
2;Novosibirsk
3;SaintPetersburg
32;SaintPetersburg
12;Moscow
6;Moscow
14;SaintPetersburg
1;Moscow
2;SaintPetersburg
1;SaintPetersburg
9;SaintPetersburg
19;Moscow
3;SaintPetersburg
5;Moscow
3;SaintPetersburg
4;SaintPetersburg
4;Moscow
7;Novosibirsk
1;Moscow
2;SaintPetersburg
1;Moscow
1;Moscow
5;Moscow
13;Moscow
20;SaintPetersburg
3;Novosibirsk
11;Moscow
2;Moscow
1;SaintPetersburg
7;SaintPetersburg
9;Moscow
3;SaintPetersburg
2;SaintPetersburg
4;SaintPetersburg
6;Moscow
16;SaintPetersburg
2;Moscow
6;SaintPetersburg
13;Moscow
1;Moscow
2;SaintPetersburg
1;Novosibirsk
1;Moscow
1;SaintPetersburg
11;Moscow
1;Novosibirsk
1;Moscow
12;SaintPetersburg
2;SaintPetersburg
6;Moscow
6;Novosibirsk
4;Novosibirsk
2;Novosibirsk
2;Moscow
2;SaintPetersburg
1;SaintPetersburg
8;Novosibirsk
17;SaintPetersburg
23;SaintPetersburg
5;SaintPetersburg
3;SaintPetersburg
1;Novosibirsk
4;Moscow
9;Moscow
4;SaintPetersburg
2;Moscow
1;Moscow
1;Moscow
11;Moscow
14;Novosibirsk
15;Moscow
6;SaintPetersburg
4;Moscow
1;SaintPetersburg
1;Moscow
20;SaintPetersburg
8;SaintPetersburg
1;Novosibirsk
1;Moscow
1;Moscow
3;SaintPetersburg
16;SaintPetersburg
3;Moscow
17;Novosibirsk
21;Moscow
4;Moscow
6;SaintPetersburg
3;SaintPetersburg
1;SaintPetersburg
2;Moscow
2;Moscow
3;Moscow
2;Novosibirsk
1;SaintPetersburg
8;SaintPetersburg
2;Moscow
2;SaintPetersburg
1;SaintPetersburg
19;Moscow
3;Novosibirsk
1;Moscow
1;Moscow
7;SaintPetersburg
2;Moscow
1;SaintPetersburg
1;Novosibirsk
53;SaintPetersburg
6;Moscow
58;Moscow
5;Moscow
1;SaintPetersburg
6;Moscow
1;SaintPetersburg
5;Moscow
1;Moscow
2;SaintPetersburg
4;SaintPetersburg
10;Moscow
7;SaintPetersburg
47;Novosibirsk
2;Novosibirsk
3;SaintPetersburg
1;Moscow
5;Novosibirsk
5;Moscow
1;SaintPetersburg
18;Moscow
1;SaintPetersburg
1;SaintPetersburg
1;SaintPetersburg
4;SaintPetersburg
1;Moscow
1;Moscow
7;SaintPetersburg
10;SaintPetersburg
5;Moscow
1;SaintPetersburg
10;Moscow
31;Moscow
6;Moscow
9;SaintPetersburg
1;SaintPetersburg
1;Moscow
1;SaintPetersburg
1;Novosibirsk
1;Moscow
2;Novosibirsk
1;Novosibirsk
1;SaintPetersburg
1;Moscow
3;SaintPetersburg
2;SaintPetersburg
2;SaintPetersburg
7;SaintPetersburg
1;SaintPetersburg
9;SaintPetersburg
4;SaintPetersburg
195;Novosibirsk
11;Moscow
13;SaintPetersburg
8;SaintPetersburg
1;Novosibirsk
4;SaintPetersburg
2;SaintPetersburg
1;Novosibirsk
1;SaintPetersburg
36;SaintPetersburg
7;Moscow
6;SaintPetersburg
10;SaintPetersburg
3;Novosibirsk
3;Moscow
2;Moscow
38;Moscow
30;SaintPetersburg
2;Novosibirsk
2;Moscow
8;SaintPetersburg
15;SaintPetersburg
2;Moscow
1;SaintPetersburg
2;Novosibirsk
2;Moscow
7;Novosibirsk
16;SaintPetersburg
1;Novosibirsk
2;Moscow
1;Moscow
1;SaintPetersburg
3;SaintPetersburg
13;Moscow
2;SaintPetersburg
12;SaintPetersburg
1;SaintPetersburg
1;Moscow
18;SaintPetersburg
1;Moscow
1;Novosibirsk
1;SaintPetersburg
5;Moscow
15;SaintPetersburg
21;SaintPetersburg
1;SaintPetersburg
5;Novosibirsk
1;SaintPetersburg
1;Moscow
1;Moscow
22;SaintPetersburg
4;Moscow
5;SaintPetersburg
3;SaintPetersburg
4;Moscow
2;Moscow
1;SaintPetersburg
1;SaintPetersburg
16;SaintPetersburg
39;SaintPetersburg
6;SaintPetersburg
2;Moscow
3;SaintPetersburg
2;Moscow
1;Novosibirsk
14;SaintPetersburg
17;SaintPetersburg
26;SaintPetersburg
1;SaintPetersburg
2;SaintPetersburg
1;SaintPetersburg
1;Moscow
2;Moscow
2;Moscow
1;Novosibirsk
7;Moscow
3;Moscow
30;Moscow
1;Moscow
15;SaintPetersburg
2;SaintPetersburg
1;Moscow
2;SaintPetersburg
13;SaintPetersburg
8;SaintPetersburg
10;Moscow
1;SaintPetersburg
1;SaintPetersburg
1;SaintPetersburg
2;Moscow
4;Novosibirsk
2;SaintPetersburg
1;SaintPetersburg
1;SaintPetersburg
1;Moscow
3;SaintPetersburg
1;Moscow
2;Moscow
2;Moscow
4;Novosibirsk
1;Moscow
1;Moscow
2;Moscow
8;SaintPetersburg
5;Moscow
1;SaintPetersburg
2;SaintPetersburg
2;Moscow
1;Moscow
6;SaintPetersburg
2;Novosibirsk
2;Moscow
4;Moscow
2;SaintPetersburg
1;Moscow
1;SaintPetersburg
1;Novosibirsk
31;SaintPetersburg
5;Moscow
1;Moscow
2;SaintPetersburg
3;SaintPetersburg
3;Moscow
6;Moscow
15;SaintPetersburg
3;SaintPetersburg
7;SaintPetersburg
1;Moscow
14;Novosibirsk
2;Moscow
1;Moscow
2;Novosibirsk
1;Moscow
2;Moscow
11;Moscow
14;Novosibirsk
7;Moscow
51;SaintPetersburg
3;Moscow
35;Moscow
4;Moscow
6;Moscow
5;SaintPetersburg
6;SaintPetersburg
1;Moscow
3;Moscow
2;Moscow
2;SaintPetersburg
1;Moscow
2;Novosibirsk
2;SaintPetersburg
1;Moscow
2;SaintPetersburg
11;SaintPetersburg
1;SaintPetersburg
3;SaintPetersburg
1;Moscow
3;Moscow
2;SaintPetersburg
4;Moscow
2;Moscow
1;Moscow
2;SaintPetersburg
1;Moscow
5;Moscow
6;SaintPetersburg
7;Moscow
4;SaintPetersburg
1;SaintPetersburg
2;Moscow
1;Moscow
28;SaintPetersburg
7;Novosibirsk
1;Novosibirsk
4;Moscow
16;SaintPetersburg
1;SaintPetersburg
4;SaintPetersburg
6;SaintPetersburg
11;SaintPetersburg
5;Moscow
3;SaintPetersburg
2;Moscow
2;Moscow
1;SaintPetersburg
1;Moscow
1;Moscow
47;SaintPetersburg
16;Moscow
3;Moscow
7;Moscow
1;Novosibirsk
7;Novosibirsk
7;SaintPetersburg
1;SaintPetersburg
23;Moscow
14;Moscow
2;Moscow
13;Moscow
1;Moscow
3;SaintPetersburg
13;SaintPetersburg
12;SaintPetersburg
3;SaintPetersburg
1;SaintPetersburg
1;SaintPetersburg
1;SaintPetersburg
1;Moscow
3;Moscow
11;Moscow
1;Moscow
1;SaintPetersburg
44;SaintPetersburg
1;SaintPetersburg
7;Novosibirsk
2;Moscow
6;Moscow
1;Moscow
2;Novosibirsk
26;Moscow
8;SaintPetersburg
7;Moscow
2;SaintPetersburg
22;SaintPetersburg
1;Novosibirsk
8;Moscow
7;Moscow
7;SaintPetersburg
1;Moscow
4;SaintPetersburg
4;SaintPetersburg
2;Moscow
1;SaintPetersburg
4;Moscow
5;SaintPetersburg
15;SaintPetersburg
13;Moscow
21;Moscow
19;Novosibirsk
1;Novosibirsk
9;Novosibirsk
2;SaintPetersburg
1;SaintPetersburg
2;Novosibirsk
2;Moscow
4;SaintPetersburg
1;Moscow
1;SaintPetersburg
2;SaintPetersburg
1;SaintPetersburg
1;Moscow
1;SaintPetersburg
29;SaintPetersburg
5;SaintPetersburg
6;Moscow
5;SaintPetersburg
2;Moscow
3;Novosibirsk
3;SaintPetersburg
3;SaintPetersburg
1;Moscow
3;Moscow
1;Moscow
27;SaintPetersburg
69;Novosibirsk
1;SaintPetersburg
9;Moscow
1;SaintPetersburg
1;Moscow
48;Novosibirsk
14;Moscow
5;SaintPetersburg
4;Novosibirsk
5;Moscow
1;SaintPetersburg
2;Moscow
5;SaintPetersburg
2;Moscow
2;SaintPetersburg
1;SaintPetersburg
3;Moscow
2;Moscow
9;SaintPetersburg
1;Moscow
6;Novosibirsk
32;SaintPetersburg
8;SaintPetersburg
1;SaintPetersburg
2;SaintPetersburg
2;SaintPetersburg
1;SaintPetersburg
2;Novosibirsk
2;Moscow
1;SaintPetersburg
3;Moscow
1;SaintPetersburg
1;Moscow
27;SaintPetersburg
1;Moscow
101;Novosibirsk
14;SaintPetersburg
11;SaintPetersburg
1;Moscow
2;SaintPetersburg
2;SaintPetersburg
1;Moscow
2;SaintPetersburg
1;SaintPetersburg
2;Moscow
5;SaintPetersburg
3;SaintPetersburg
3;SaintPetersburg
1;Moscow
1;Moscow
12;Moscow
10;Novosibirsk
12;Moscow
10;SaintPetersburg
21;SaintPetersburg
3;Novosibirsk
6;SaintPetersburg
4;SaintPetersburg
1;SaintPetersburg
2;SaintPetersburg
6;SaintPetersburg
1;Moscow
1;SaintPetersburg
2;SaintPetersburg
2;SaintPetersburg
2;Moscow
1;SaintPetersburg
68;SaintPetersburg
1;Moscow
6;SaintPetersburg
14;Moscow
1;Moscow
1;Moscow
6;Novosibirsk
9;Moscow
1;Moscow
1;SaintPetersburg
2;SaintPetersburg
99;Moscow
6;Moscow
14;Moscow
2;Moscow
6;SaintPetersburg
1;Moscow
2;Moscow
2;Moscow
1;SaintPetersburg
10;Moscow
26;Moscow
3;Moscow
1;Moscow
4;Moscow
1;SaintPetersburg
2;Moscow
1;Moscow
9;SaintPetersburg
12;SaintPetersburg
6;Moscow
4;SaintPetersburg
1;SaintPetersburg
8;SaintPetersburg
2;SaintPetersburg
1;Moscow
3;SaintPetersburg
2;Moscow
1;SaintPetersburg
1;Novosibirsk
1;SaintPetersburg
2;SaintPetersburg
1;Moscow
3;SaintPetersburg
3;Moscow
15;SaintPetersburg
1;SaintPetersburg
23;SaintPetersburg
9;Novosibirsk
12;Moscow
20;Moscow
7;Novosibirsk
5;Novosibirsk
1;Moscow
1;Moscow
1;Moscow
6;Moscow
33;SaintPetersburg
16;Moscow
1;Moscow
13;SaintPetersburg
3;SaintPetersburg
2;Moscow
3;SaintPetersburg
2;SaintPetersburg
4;Moscow
4;Moscow
2;SaintPetersburg
6;Moscow
10;Moscow
2;Moscow
4;Moscow
4;Moscow
2;Moscow
2;SaintPetersburg
3;Moscow
2;SaintPetersburg
1;SaintPetersburg
1;Moscow
16;SaintPetersburg
3;SaintPetersburg
1;SaintPetersburg
2;Moscow
8;SaintPetersburg
2;Moscow
2;Moscow
83;Novosibirsk
38;Moscow
8;Moscow
2;SaintPetersburg
2;SaintPetersburg
6;SaintPetersburg
1;Moscow
8;SaintPetersburg
10;Novosibirsk
11;Novosibirsk
1;Moscow
1;SaintPetersburg
1;Moscow
2;Moscow
1;Moscow
1;Moscow
3;Moscow
50;Novosibirsk
1;Moscow
1;SaintPetersburg
2;Novosibirsk
2;SaintPetersburg
1;SaintPetersburg
7;SaintPetersburg
6;Moscow
7;Moscow
26;Moscow
4;SaintPetersburg
29;Novosibirsk
6;SaintPetersburg
14;SaintPetersburg
1;SaintPetersburg
1;Moscow
3;Moscow
38;SaintPetersburg
12;SaintPetersburg
7;Moscow
8;Novosibirsk
1;SaintPetersburg
6;Moscow
1;SaintPetersburg
1;Novosibirsk
1;Moscow
6;SaintPetersburg
1;SaintPetersburg
18;Moscow
2;Novosibirsk
6;Moscow
4;Moscow
1;SaintPetersburg
2;SaintPetersburg
2;Novosibirsk
15;SaintPetersburg
29;SaintPetersburg
24;Moscow
20;Novosibirsk
13;Moscow
2;Moscow
10;SaintPetersburg
17;Novosibirsk
2;Moscow
2;Moscow
10;SaintPetersburg
9;Moscow
10;Moscow
12;SaintPetersburg
1;SaintPetersburg
6;SaintPetersburg
7;SaintPetersburg
1;Moscow
2;Novosibirsk
1;SaintPetersburg
1;Novosibirsk
1;SaintPetersburg
18;SaintPetersburg
240;Novosibirsk
17;SaintPetersburg
1;SaintPetersburg
3;Moscow
1;Moscow
1;Novosibirsk
4;SaintPetersburg
6;SaintPetersburg
3;Novosibirsk
59;Moscow
3;Moscow
6;Novosibirsk
1;Moscow
6;Moscow
7;SaintPetersburg
7;Moscow
12;Moscow
1;Moscow
1;Novosibirsk
35;Novosibirsk
2;SaintPetersburg
111;Novosibirsk
1;SaintPetersburg
1;SaintPetersburg
2;Moscow
1;SaintPetersburg
5;SaintPetersburg
1;Moscow
1;SaintPetersburg
7;Moscow
2;SaintPetersburg
3;Moscow
3;Moscow
14;SaintPetersburg
1;Moscow
1;Moscow
2;Moscow
1;SaintPetersburg
10;SaintPetersburg
3;SaintPetersburg
25;SaintPetersburg
2;Moscow
4;Moscow
5;Moscow
6;Moscow
2;SaintPetersburg
1;SaintPetersburg
16;Novosibirsk
1;SaintPetersburg
1;SaintPetersburg
13;Moscow
4;SaintPetersburg
1;Moscow
1;SaintPetersburg
1;Moscow
1;Moscow
1;SaintPetersburg
2;SaintPetersburg
2;SaintPetersburg
1;SaintPetersburg
6;Moscow
7;SaintPetersburg
6;Novosibirsk
1;SaintPetersburg
3;SaintPetersburg
1;SaintPetersburg
1;SaintPetersburg
1;SaintPetersburg
2;Moscow
21;Moscow
1;SaintPetersburg
1;Moscow
4;Moscow
1;Moscow
1;SaintPetersburg
1;Novosibirsk
2;Novosibirsk
1;Moscow
3;SaintPetersburg
27;Moscow
6;Moscow
16;Moscow
1;SaintPetersburg
20;Novosibirsk
5;Moscow
1;Novosibirsk
2;Moscow
1;Moscow
17;SaintPetersburg
5;Moscow
5;Moscow
2;Moscow
4;Novosibirsk
3;Novosibirsk
18;Moscow
17;SaintPetersburg
1;Moscow
2;SaintPetersburg
5;Moscow
1;SaintPetersburg
9;SaintPetersburg
3;Moscow
1;SaintPetersburg
2;Moscow
1;Novosibirsk
4;Moscow
23;Moscow
5;Novosibirsk
15;Moscow
2;SaintPetersburg
1;Moscow
1;SaintPetersburg
1;SaintPetersburg
3;SaintPetersburg
2;SaintPetersburg
39;Novosibirsk
9;Moscow
2;Novosibirsk
2;Novosibirsk
1;SaintPetersburg
1;Moscow
9;SaintPetersburg
12;Novosibirsk
3;Moscow
7;SaintPetersburg
4;SaintPetersburg
1;SaintPetersburg
2;SaintPetersburg
4;SaintPetersburg
2;SaintPetersburg
2;SaintPetersburg
2;Moscow
2;Moscow
1;Moscow
1;Moscow
8;Moscow
1;Moscow
3;Moscow
4;Moscow
8;Novosibirsk
3;Novosibirsk
1;SaintPetersburg
2;Moscow
1;Moscow
1;SaintPetersburg
1;Moscow
69;Novosibirsk
10;SaintPetersburg
4;Moscow
13;Novosibirsk
15;SaintPetersburg
7;Moscow
1;Moscow
3;Moscow
1;SaintPetersburg
2;Novosibirsk
19;Moscow
11;SaintPetersburg
2;SaintPetersburg
1;SaintPetersburg
1;Novosibirsk
5;Moscow
1;Moscow
1;Moscow
1;SaintPetersburg
47;Moscow
2;Moscow
11;Moscow
1;Moscow
1;Moscow
1;SaintPetersburg
7;Novosibirsk
1;SaintPetersburg
84;Novosibirsk
2;SaintPetersburg
9;Moscow
4;Moscow
1;SaintPetersburg
8;Moscow
1;SaintPetersburg
6;SaintPetersburg
27;Novosibirsk
11;Moscow
17;Novosibirsk
19;SaintPetersburg
3;SaintPetersburg
1;Moscow
1;SaintPetersburg
2;Novosibirsk
1;Moscow
4;SaintPetersburg
22;Novosibirsk
52;Novosibirsk
5;Moscow
1;Novosibirsk
3;SaintPetersburg
4;Moscow
1;SaintPetersburg
1;Moscow
12;SaintPetersburg
9;Moscow
2;SaintPetersburg
7;Moscow
1;Novosibirsk
8;Moscow
15;SaintPetersburg
1;Moscow
1;Moscow
14;SaintPetersburg
1;SaintPetersburg
41;SaintPetersburg
5;Moscow
5;SaintPetersburg
4;SaintPetersburg
6;Moscow
1;Novosibirsk
1;Moscow
1;Moscow
2;SaintPetersburg
1;SaintPetersburg
1;Moscow
1;SaintPetersburg
18;Novosibirsk
19;Moscow
8;Moscow
19;Moscow
3;SaintPetersburg
4;SaintPetersburg
4;Moscow
2;Moscow
5;SaintPetersburg
1;Moscow
2;SaintPetersburg
1;Moscow
8;Moscow
9;Moscow
97;SaintPetersburg
9;Novosibirsk
8;Moscow
3;SaintPetersburg
3;Moscow
7;SaintPetersburg
2;SaintPetersburg
1;Moscow
7;Moscow
4;Moscow
3;Moscow
3;Moscow
8;Moscow
6;Moscow
153;Novosibirsk
2;Moscow
8;SaintPetersburg
12;Novosibirsk
1;Novosibirsk
1;Moscow
1;Moscow
2;Moscow
1;Moscow
189;Novosibirsk
186;Novosibirsk
2;Moscow
1;Moscow
6;Moscow
2;SaintPetersburg
1;Moscow
2;SaintPetersburg
1;Novosibirsk
9;SaintPetersburg
4;SaintPetersburg
13;Moscow
1;SaintPetersburg
2;SaintPetersburg
4;SaintPetersburg
2;Novosibirsk
3;Moscow
2;Novosibirsk
1;SaintPetersburg
3;SaintPetersburg
1;SaintPetersburg
8;SaintPetersburg
4;SaintPetersburg
1;Moscow
1;SaintPetersburg
1;SaintPetersburg
1;SaintPetersburg
6;SaintPetersburg
7;SaintPetersburg
58;SaintPetersburg
2;Moscow
1;SaintPetersburg
21;Novosibirsk
16;Moscow
3;Moscow
2;SaintPetersburg
1;Moscow
4;Novosibirsk
1;Moscow
1;Moscow
5;Moscow
2;Moscow
5;SaintPetersburg
1;Moscow
3;Novosibirsk
6;SaintPetersburg
1;Moscow
5;SaintPetersburg
3;Novosibirsk
1;Moscow
22;Novosibirsk
2;SaintPetersburg
1;Moscow
2;Moscow
1;SaintPetersburg
5;Novosibirsk
2;Moscow
2;SaintPetersburg
11;SaintPetersburg
4;Moscow
1;SaintPetersburg
4;Moscow
41;SaintPetersburg
2;SaintPetersburg
2;Moscow
12;SaintPetersburg
4;Moscow
1;Moscow
1;Novosibirsk
14;SaintPetersburg
9;Moscow
12;Novosibirsk
2;Moscow
2;Moscow
6;SaintPetersburg
6;Moscow
1;SaintPetersburg
1;Novosibirsk
27;Moscow
40;SaintPetersburg
2;Moscow
3;Moscow
2;Moscow
8;SaintPetersburg
2;SaintPetersburg
3;Moscow
53;Novosibirsk
28;Novosibirsk
2;SaintPetersburg
9;Moscow
1;SaintPetersburg
2;SaintPetersburg
4;SaintPetersburg
3;SaintPetersburg
1;Novosibirsk
1;Moscow
10;Moscow
5;Moscow
2;SaintPetersburg
3;Novosibirsk
1;Moscow
2;Moscow
2;Moscow
2;Moscow
48;Novosibirsk
2;Novosibirsk
1;SaintPetersburg
1;Moscow
1;Moscow
4;SaintPetersburg
2;SaintPetersburg
2;Moscow
5;SaintPetersburg
4;SaintPetersburg
2;SaintPetersburg
47;SaintPetersburg
7;SaintPetersburg
12;SaintPetersburg
2;SaintPetersburg
4;Moscow
1;Moscow
2;SaintPetersburg
1;Moscow
9;SaintPetersburg
18;SaintPetersburg
11;Novosibirsk
1;SaintPetersburg
1;SaintPetersburg
1;SaintPetersburg
38;Moscow
2;Moscow
6;SaintPetersburg
8;Novosibirsk
1;Moscow
12;SaintPetersburg
8;Novosibirsk
15;Moscow
1;SaintPetersburg
2;Moscow
12;Novosibirsk
4;SaintPetersburg
1;Moscow
7;SaintPetersburg
2;SaintPetersburg
2;Moscow
1;Moscow
1;SaintPetersburg
1;SaintPetersburg
17;Moscow
12;Moscow
26;SaintPetersburg
2;SaintPetersburg
9;Moscow
16;Novosibirsk
8;Moscow
2;Moscow
3;Moscow
2;SaintPetersburg
2;SaintPetersburg
1;Novosibirsk
1;Moscow
1;SaintPetersburg
1;Moscow
22;Moscow
82;Novosibirsk
2;Moscow
1;SaintPetersburg
14;Moscow
7;Novosibirsk
2;Novosibirsk
2;Moscow
2;SaintPetersburg
10;SaintPetersburg
1;Moscow
4;SaintPetersburg
1;Moscow
1;Moscow
3;Moscow
14;SaintPetersburg
9;Moscow
15;Moscow
1;Moscow
1;Moscow
1;SaintPetersburg
1;Moscow
2;SaintPetersburg
1;Moscow
5;SaintPetersburg
1;SaintPetersburg
3;SaintPetersburg
13;SaintPetersburg
21;SaintPetersburg
7;SaintPetersburg
1;Moscow
1;Moscow
1;Moscow
7;SaintPetersburg
10;Moscow
4;SaintPetersburg
7;Novosibirsk
1;SaintPetersburg
7;Novosibirsk
9;SaintPetersburg
3;SaintPetersburg
1;SaintPetersburg
1;Moscow
2;SaintPetersburg
1;Moscow
12;SaintPetersburg
24;SaintPetersburg
6;SaintPetersburg
2;SaintPetersburg
1;SaintPetersburg
2;Moscow
2;Novosibirsk
13;SaintPetersburg
22;Moscow
22;Moscow
2;Moscow
7;SaintPetersburg
1;Moscow
1;Moscow
1;SaintPetersburg
2;Moscow
1;Moscow
20;SaintPetersburg
5;Moscow
8;SaintPetersburg
4;Moscow
1;SaintPetersburg
1;Moscow
1;SaintPetersburg
10;Moscow
3;Moscow
1;SaintPetersburg
6;SaintPetersburg
1;SaintPetersburg
1;SaintPetersburg
1;SaintPetersburg
35;SaintPetersburg
46;SaintPetersburg
1;Moscow
2;Moscow
21;Moscow
4;Moscow
1;SaintPetersburg
8;SaintPetersburg
30;SaintPetersburg
21;Moscow
11;SaintPetersburg
1;Moscow
3;Moscow
10;SaintPetersburg
3;SaintPetersburg
2;Moscow
15;SaintPetersburg
3;SaintPetersburg
1;SaintPetersburg
31;Moscow
8;SaintPetersburg
2;SaintPetersburg
2;Moscow
2;Novosibirsk
3;SaintPetersburg
2;SaintPetersburg
4;Moscow
1;SaintPetersburg
1;SaintPetersburg
9;SaintPetersburg
9;SaintPetersburg
2;Moscow
51;SaintPetersburg
2;SaintPetersburg
1;SaintPetersburg
1;Moscow
24;Novosibirsk
3;Novosibirsk
4;Moscow
17;SaintPetersburg
8;SaintPetersburg
1;SaintPetersburg
5;Novosibirsk
15;Moscow
4;SaintPetersburg
4;Moscow
2;SaintPetersburg
1;SaintPetersburg
11;Moscow
9;Moscow
9;Novosibirsk
3;SaintPetersburg
3;SaintPetersburg
2;Moscow
1;Moscow
2;Moscow
2;SaintPetersburg
3;Moscow
1;Moscow
23;SaintPetersburg
395;Novosibirsk
3;SaintPetersburg
27;SaintPetersburg
3;SaintPetersburg
4;Novosibirsk
3;Moscow
6;Moscow
8;Moscow
1;SaintPetersburg
2;Moscow
2;Novosibirsk
33;SaintPetersburg
12;Novosibirsk
2;SaintPetersburg
14;Moscow
16;SaintPetersburg
5;SaintPetersburg
3;Moscow
3;Novosibirsk
1;Moscow
2;SaintPetersburg
2;SaintPetersburg
1;SaintPetersburg
3;Moscow
19;Moscow
1;SaintPetersburg
1;SaintPetersburg
3;SaintPetersburg
1;SaintPetersburg
76;Novosibirsk
3;SaintPetersburg
3;Moscow
4;SaintPetersburg
1;SaintPetersburg
2;Moscow
14;Moscow
5;SaintPetersburg
20;SaintPetersburg
1;Novosibirsk
5;SaintPetersburg
2;Novosibirsk
4;SaintPetersburg
1;Moscow
2;Moscow
1;SaintPetersburg
1;Moscow
11;SaintPetersburg
4;Moscow
1;Moscow
1;SaintPetersburg
1;Moscow
2;Moscow
11;SaintPetersburg
2;SaintPetersburg
1;SaintPetersburg
13;SaintPetersburg
4;Moscow
13;Novosibirsk
19;SaintPetersburg
10;SaintPetersburg
1;SaintPetersburg
1;SaintPetersburg
1;SaintPetersburg
1;Novosibirsk
2;SaintPetersburg
8;Novosibirsk
5;Novosibirsk
4;Moscow
8;Moscow
1;Moscow
1;SaintPetersburg
26;SaintPetersburg
11;SaintPetersburg
1;Moscow
10;SaintPetersburg
7;Moscow
11;Moscow
14;Moscow
1;Moscow
1;Moscow
1;SaintPetersburg
6;Novosibirsk
1;Novosibirsk
2;SaintPetersburg
3;SaintPetersburg
1;Novosibirsk
1;Moscow
1;Moscow
1;Moscow
1;SaintPetersburg
25;Moscow
15;Moscow
1;Moscow
12;SaintPetersburg
7;Moscow
3;Moscow
24;SaintPetersburg
1;Moscow
2;Novosibirsk
8;SaintPetersburg
17;Moscow
2;SaintPetersburg
27;Moscow
3;Moscow
1;SaintPetersburg
1;SaintPetersburg
1;SaintPetersburg
1;SaintPetersburg
18;SaintPetersburg
76;Novosibirsk
10;SaintPetersburg
1;SaintPetersburg
1;SaintPetersburg
1;Moscow
1;SaintPetersburg
1;SaintPetersburg
8;SaintPetersburg
3;SaintPetersburg
12;SaintPetersburg
14;SaintPetersburg
4;Moscow
13;SaintPetersburg
14;SaintPetersburg
1;Moscow
14;SaintPetersburg
1;SaintPetersburg
1;Moscow
1;Moscow
1;Moscow
3;Moscow
3;SaintPetersburg
6;SaintPetersburg
1;Novosibirsk
3;SaintPetersburg
4;SaintPetersburg
2;SaintPetersburg
2;SaintPetersburg
1;SaintPetersburg
2;SaintPetersburg
1;SaintPetersburg
2;SaintPetersburg
5;Moscow
2;SaintPetersburg
6;Moscow
1;Moscow
1;Moscow
1;Moscow
1;SaintPetersburg
10;Moscow
2;Moscow
3;SaintPetersburg
18;Moscow
2;Moscow
5;Novosibirsk
8;Moscow
2;SaintPetersburg
1;SaintPetersburg
1;SaintPetersburg
1;Moscow
3;SaintPetersburg
